{
  "prusti-tests/tests/verify/pass/rosetta/Knuth_shuffle.rs": [
    1.8444694649999747,
    1.7689003250000042,
    1.783225334000008,
    1.8543774740001027,
    1.7009622770001442,
    1.5384609340001134,
    1.6549821149999389,
    1.634004356999867,
    1.5126538380000056,
    1.593182706000107
  ],
  "prusti-tests/tests/verify/pass/demos/account.rs": [
    0.8951621759999853,
    0.7880476420000377,
    0.8258673360001012,
    0.7636169510001309,
    0.7542366769998807,
    0.8535409510000136,
    0.7877650389998507,
    0.8511521339999035,
    0.7650324119999823,
    0.7663396759999159
  ],
  "prusti-tests/tests/verify/pass/rosetta/Knights_tour.rs": [
    106.69526375100008,
    100.78200023299996,
    114.32748659200001,
    110.67246020399989,
    98.97533261600006,
    108.69990507900002,
    115.88047907400005,
    109.51089378899997,
    113.94802508399994,
    113.62393417000021
  ],
  "prusti-tests/tests/verify/pass/quick/fold-unfold.rs": [
    0.5759483629999522,
    0.5346097560000089,
    0.5152066129999184,
    0.5468793479999476,
    0.5696006150001267,
    0.5362860709997221,
    0.5538533050003025,
    0.5530696989999342,
    0.5374511840000196,
    0.5421129179999298
  ],
  "prusti-tests/tests/verify/pass/quick/moves.rs": [
    0.5788664899996547,
    0.526905206000265,
    0.5676559069997893,
    0.5439252320002197,
    0.5676493070000106,
    0.557010027999695,
    0.5398645020000004,
    0.4997025039997425,
    0.5264830020000772,
    0.5500287770000796
  ],
  "prusti-tests/tests/verify/pass/quick/mut-borrows.rs": [
    0.9781561489999149,
    0.9184158069997466,
    0.954902776000381,
    0.7985191179996036,
    0.8016717410000638,
    0.9520419549999133,
    0.9544285729998592,
    1.0004642140002034,
    0.9055218859998604,
    0.8313054909999664
  ],
  "prusti-tests/tests/verify/pass/quick/shared-borrows.rs": [
    0.5672263510000448,
    0.6143524789999901,
    0.60405210800036,
    0.6193312139998852,
    0.6456450970003971,
    0.6663595420000092,
    0.5905909140001313,
    0.5878197940000973,
    0.6104599519999283,
    0.6037983060000442
  ],
  "prusti-tests/tests/verify/pass/quick/trait-contracts-refinement.rs": [
    0.9381148350003059,
    0.9346582530001797,
    0.8833762009999191,
    0.8389904840000781,
    0.8403254929999093,
    0.7965008810001564,
    0.9207126670003163,
    0.9620912619998307,
    0.8878056319999814,
    0.8313775289998375
  ],
  "prusti-tests/tests/verify/pass/quick/routes.rs": [
    2.726340734000132,
    2.7799919589997444,
    2.6322437399999217,
    2.453638272000262,
    2.5119888979997995,
    2.5700180089997957,
    2.627169609000248,
    2.7254329639999924,
    2.5234531149999384,
    2.401659845999802
  ],
  "prusti-tests/tests/verify/pass/quick/fibonacci.rs": [
    2.261888676000126,
    2.591934865999974,
    2.3265073570000823,
    2.246654497000236,
    2.5375972730003014,
    2.252102337999986,
    2.28101808800011,
    2.48529603399993,
    2.5141174610002963,
    2.353864966999936
  ],
  "prusti-tests/tests/verify/pass/pure-fn/len-lookup.rs": [
    1.0549052510000365,
    1.1314456769996468,
    1.1078664990000107,
    1.1131616389998271,
    1.0478244500000073,
    1.2053294949996598,
    1.0768664820002414,
    1.1922217259998433,
    1.0683922199996232,
    1.1513417269998172
  ],
  "prusti-tests/tests/verify/pass/pure-fn/quantifiers.rs": [
    0.9414323910000348,
    1.063558983999883,
    1.0486297749998812,
    1.1307522179999978,
    0.9962102399999822,
    0.8982824179997806,
    0.9625313919996188,
    0.923859406000247,
    1.0310443959997428,
    0.9761369920001925
  ],
  "prusti-tests/tests/verify/pass/pure-fn/recursive-pure-fn.rs": [
    0.7888424119996671,
    0.8303639780001504,
    0.7660932280000452,
    0.7294163630003823,
    0.8102018449999377,
    0.7416104509998149,
    0.7146313560001545,
    0.8115217560002748,
    0.7782005150002078,
    0.7621997989999727
  ],
  "prusti-tests/tests/verify/pass/pure-fn/ref-mut-arg.rs": [
    0.9922359590000269,
    0.8904686159999073,
    0.9095499320001181,
    0.9905121130000225,
    0.9949120449996371,
    1.0580526980002105,
    0.9727064850003444,
    0.9338212060001752,
    0.9346522119999463,
    0.9221464219999689
  ],
  "prusti-tests/tests/verify/pass/rosetta/Ackermann_function.rs": [
    1.1212460709998595,
    1.0637474590002967,
    0.983747183000105,
    0.9359965389999161,
    1.128396124000119,
    1.0402399889999288,
    1.0451801249996606,
    1.0690177719998246,
    1.0719484599999305,
    1.0814560300000267
  ],
  "prusti-tests/tests/verify/pass/rosetta/Heapsort.rs": [
    6.276622466999925,
    6.150735801999872,
    5.67793825300032,
    5.74448447199984,
    5.7167879869998615,
    5.891636057999676,
    6.000732257999971,
    6.188406350999685,
    5.786520615999962,
    5.704472930000065
  ]
}